

INSERT INTO colors (pack, colors)
    VALUES("4 szín", "Fekete, Fehér, Ezüst, Szürke");
INSERT INTO colors (pack, colors)
    VALUES("9 szín", "Fekete, Fehér, Ezüst, Szürke, Piros, Kék, Zöld, Citrom-sárga, Sötét-szürke");
INSERT INTO colors (pack, colors)
    VALUES("14 szín", "Fekete, Fehér, Ezüst, Szürke, Piros, Kék, Zöld, Citrom-sárga, Sötét-szürke, Bordó, Sötét-kék, Bézs, Sötét-zöld, Narancs-sárga");

INSERT INTO cars (brand, model, color, price) 
    VALUES("Dodge", "Charger", "14 szín", 32645);
INSERT INTO cars (brand, model, color, price) 
    VALUES("Dodge", "Challenger", "14 szín", 30940);
INSERT INTO cars (brand, model, color, price) 
    VALUES("Dodge", "Hornet", "9 szín", 29995);
INSERT INTO cars (brand, model, color, price) 
    VALUES("Dodge", "Durango", "14 szín", 38495);
INSERT INTO cars (brand, model, color, price) 
    VALUES("Tesla", "Model Y", "14 szín", 62990);
INSERT INTO cars (brand, model, color, price) 
    VALUES("Tesla", "Model 3", "9 szín", 46990);
INSERT INTO cars (brand, model, color, price) 
    VALUES("Lincoln", "Corsair", "9 szín", 36580);
INSERT INTO cars (brand, model, color, price) 
    VALUES("Jeep", "Cherokee", "4 szín", 29995);
INSERT INTO cars (brand, model, color, price) 
    VALUES("Chevrolet", "Corvette", "14 szín", 60900);
INSERT INTO cars (brand, model, color, price) 
    VALUES("GMC", "Canyon", "4 szín", 26800);

INSERT INTO vendors (vfname, vlname, vbdate, vaddress, vphone)
    VALUES("John", "Doe", '1977-10-21', "4906 Mulberry Avenue, Arkansas", "501-200-2686");
INSERT INTO vendors (vfname, vlname, vbdate, vaddress, vphone)
    VALUES("Adam", "Rich", '1985-06-12', "4406 Masonic Hill Road, Arkansas", "501-786-8191");


